Sex,Fare,Survived
female,44.47981783439487,233
male,25.523893414211418,109
